{
  "UI.app": {
    "bounds": {
      "x": 49.714285714285715,
      "y": 157.52380952380952,
      "width": 108.57142857142857,
      "height": 36.19047619047619
    },
    "ports": {
      "N": {
        "x": 104,
        "y": 157.52380952380952
      },
      "S": {
        "x": 104,
        "y": 193.7142857142857
      },
      "E": {
        "x": 158.28571428571428,
        "y": 175.6190476190476
      },
      "W": {
        "x": 49.714285714285715,
        "y": 175.6190476190476
      }
    }
  },
  "UI.bff": {
    "bounds": {
      "x": 49.714285714285715,
      "y": 229.9047619047619,
      "width": 108.57142857142857,
      "height": 36.19047619047619
    },
    "ports": {
      "N": {
        "x": 104,
        "y": 229.9047619047619
      },
      "S": {
        "x": 104,
        "y": 266.0952380952381
      },
      "E": {
        "x": 158.28571428571428,
        "y": 248
      },
      "W": {
        "x": 49.714285714285715,
        "y": 248
      }
    }
  },
  "UI.web": {
    "bounds": {
      "x": 49.714285714285715,
      "y": 302.2857142857143,
      "width": 108.57142857142857,
      "height": 36.19047619047619
    },
    "ports": {
      "N": {
        "x": 104,
        "y": 302.2857142857143
      },
      "S": {
        "x": 104,
        "y": 338.4761904761905
      },
      "E": {
        "x": 158.28571428571428,
        "y": 320.3809523809524
      },
      "W": {
        "x": 49.714285714285715,
        "y": 320.3809523809524
      }
    }
  },
  "API.gw": {
    "bounds": {
      "x": 306.6,
      "y": 108,
      "width": 120,
      "height": 40
    },
    "ports": {
      "N": {
        "x": 366.6,
        "y": 108
      },
      "S": {
        "x": 366.6,
        "y": 148
      },
      "E": {
        "x": 426.6,
        "y": 128
      },
      "W": {
        "x": 306.6,
        "y": 128
      }
    }
  },
  "API.auth": {
    "bounds": {
      "x": 306.6,
      "y": 188,
      "width": 120,
      "height": 40
    },
    "ports": {
      "N": {
        "x": 366.6,
        "y": 188
      },
      "S": {
        "x": 366.6,
        "y": 228
      },
      "E": {
        "x": 426.6,
        "y": 208
      },
      "W": {
        "x": 306.6,
        "y": 208
      }
    }
  },
  "API.catalog": {
    "bounds": {
      "x": 306.6,
      "y": 268,
      "width": 120,
      "height": 40
    },
    "ports": {
      "N": {
        "x": 366.6,
        "y": 268
      },
      "S": {
        "x": 366.6,
        "y": 308
      },
      "E": {
        "x": 426.6,
        "y": 288
      },
      "W": {
        "x": 306.6,
        "y": 288
      }
    }
  },
  "API.orders": {
    "bounds": {
      "x": 306.6,
      "y": 348,
      "width": 120,
      "height": 40
    },
    "ports": {
      "N": {
        "x": 366.6,
        "y": 348
      },
      "S": {
        "x": 366.6,
        "y": 388
      },
      "E": {
        "x": 426.6,
        "y": 368
      },
      "W": {
        "x": 306.6,
        "y": 368
      }
    }
  },
  "DATA.pg": {
    "bounds": {
      "x": 49.714285714285715,
      "y": 483.7142857142857,
      "width": 108.57142857142857,
      "height": 36.19047619047619
    },
    "ports": {
      "N": {
        "x": 104,
        "y": 483.7142857142857
      },
      "S": {
        "x": 104,
        "y": 519.9047619047619
      },
      "E": {
        "x": 158.28571428571428,
        "y": 501.8095238095238
      },
      "W": {
        "x": 49.714285714285715,
        "y": 501.8095238095238
      }
    }
  },
  "DATA.replica": {
    "bounds": {
      "x": 49.714285714285715,
      "y": 556.0952380952381,
      "width": 108.57142857142857,
      "height": 36.19047619047619
    },
    "ports": {
      "N": {
        "x": 104,
        "y": 556.0952380952381
      },
      "S": {
        "x": 104,
        "y": 592.2857142857142
      },
      "E": {
        "x": 158.28571428571428,
        "y": 574.1904761904761
      },
      "W": {
        "x": 49.714285714285715,
        "y": 574.1904761904761
      }
    }
  },
  "DATA.redis": {
    "bounds": {
      "x": 49.714285714285715,
      "y": 628.4761904761905,
      "width": 108.57142857142857,
      "height": 36.19047619047619
    },
    "ports": {
      "N": {
        "x": 104,
        "y": 628.4761904761905
      },
      "S": {
        "x": 104,
        "y": 664.6666666666666
      },
      "E": {
        "x": 158.28571428571428,
        "y": 646.5714285714286
      },
      "W": {
        "x": 49.714285714285715,
        "y": 646.5714285714286
      }
    }
  },
  "ASYNC.kafka": {
    "bounds": {
      "x": 223.6,
      "y": 561.1904761904763,
      "width": 78,
      "height": 26
    },
    "ports": {
      "N": {
        "x": 262.6,
        "y": 561.1904761904763
      },
      "S": {
        "x": 262.6,
        "y": 587.1904761904763
      },
      "E": {
        "x": 301.6,
        "y": 574.1904761904763
      },
      "W": {
        "x": 223.6,
        "y": 574.1904761904763
      }
    }
  },
  "ASYNC.consumer": {
    "bounds": {
      "x": 327.6,
      "y": 561.1904761904763,
      "width": 78,
      "height": 26
    },
    "ports": {
      "N": {
        "x": 366.6,
        "y": 561.1904761904763
      },
      "S": {
        "x": 366.6,
        "y": 587.1904761904763
      },
      "E": {
        "x": 405.6,
        "y": 574.1904761904763
      },
      "W": {
        "x": 327.6,
        "y": 574.1904761904763
      }
    }
  },
  "ASYNC.metrics": {
    "bounds": {
      "x": 431.6,
      "y": 561.1904761904763,
      "width": 78,
      "height": 26
    },
    "ports": {
      "N": {
        "x": 470.6,
        "y": 561.1904761904763
      },
      "S": {
        "x": 470.6,
        "y": 587.1904761904763
      },
      "E": {
        "x": 509.6,
        "y": 574.1904761904763
      },
      "W": {
        "x": 431.6,
        "y": 574.1904761904763
      }
    }
  }
}