{
  "A.ui": {
    "bounds": {
      "x": 49.714285714285715,
      "y": 105.71428571428572,
      "width": 108.57142857142857,
      "height": 36.19047619047619
    },
    "ports": {
      "N": {
        "x": 104,
        "y": 105.71428571428572
      },
      "S": {
        "x": 104,
        "y": 141.90476190476193
      },
      "E": {
        "x": 158.28571428571428,
        "y": 123.80952380952382
      },
      "W": {
        "x": 49.714285714285715,
        "y": 123.80952380952382
      }
    }
  },
  "A.gateway": {
    "bounds": {
      "x": 49.714285714285715,
      "y": 178.09523809523813,
      "width": 108.57142857142857,
      "height": 36.19047619047619
    },
    "ports": {
      "N": {
        "x": 104,
        "y": 178.09523809523813
      },
      "S": {
        "x": 104,
        "y": 214.28571428571428
      },
      "E": {
        "x": 158.28571428571428,
        "y": 196.1904761904762
      },
      "W": {
        "x": 49.714285714285715,
        "y": 196.1904761904762
      }
    }
  },
  "A.auth": {
    "bounds": {
      "x": 49.714285714285715,
      "y": 250.47619047619048,
      "width": 108.57142857142857,
      "height": 36.19047619047619
    },
    "ports": {
      "N": {
        "x": 104,
        "y": 250.47619047619048
      },
      "S": {
        "x": 104,
        "y": 286.6666666666667
      },
      "E": {
        "x": 158.28571428571428,
        "y": 268.5714285714286
      },
      "W": {
        "x": 49.714285714285715,
        "y": 268.5714285714286
      }
    }
  },
  "B.gateway": {
    "bounds": {
      "x": 223.6,
      "y": 183.1904761904762,
      "width": 78,
      "height": 26
    },
    "ports": {
      "N": {
        "x": 262.6,
        "y": 183.1904761904762
      },
      "S": {
        "x": 262.6,
        "y": 209.1904761904762
      },
      "E": {
        "x": 301.6,
        "y": 196.1904761904762
      },
      "W": {
        "x": 223.6,
        "y": 196.1904761904762
      }
    }
  },
  "B.orders": {
    "bounds": {
      "x": 327.6,
      "y": 183.1904761904762,
      "width": 78,
      "height": 26
    },
    "ports": {
      "N": {
        "x": 366.6,
        "y": 183.1904761904762
      },
      "S": {
        "x": 366.6,
        "y": 209.1904761904762
      },
      "E": {
        "x": 405.6,
        "y": 196.1904761904762
      },
      "W": {
        "x": 327.6,
        "y": 196.1904761904762
      }
    }
  },
  "B.db": {
    "bounds": {
      "x": 431.6,
      "y": 157.1904761904762,
      "width": 78,
      "height": 26
    },
    "ports": {
      "N": {
        "x": 470.6,
        "y": 157.1904761904762
      },
      "S": {
        "x": 470.6,
        "y": 183.1904761904762
      },
      "E": {
        "x": 509.6,
        "y": 170.1904761904762
      },
      "W": {
        "x": 431.6,
        "y": 170.1904761904762
      }
    }
  },
  "B.queue": {
    "bounds": {
      "x": 431.6,
      "y": 209.1904761904762,
      "width": 78,
      "height": 26
    },
    "ports": {
      "N": {
        "x": 470.6,
        "y": 209.1904761904762
      },
      "S": {
        "x": 470.6,
        "y": 235.1904761904762
      },
      "E": {
        "x": 509.6,
        "y": 222.1904761904762
      },
      "W": {
        "x": 431.6,
        "y": 222.1904761904762
      }
    }
  }
}